[{"name":{"first":"Shawna","last":"Matheney"},"gender":"female","birthday":"1950-08-06","contact":{"address":{"street":"10 17th St","zip":"62218","city":"Bartelso","state":"IL"},"email":["shawna.matheney@nosql-matters.org","shawna@nosql-matters.org"],"region":"618","phone":["618-9063984","618-8108742"]},"likes":["driving","skiing"],"memberSince":"2010-07-07"},
{"name":{"first":"Burton","last":"Siaperas"},"gender":"male","birthday":"1941-05-16","contact":{"address":{"street":"3 Spring garden Aly","zip":"14608","city":"Rochester","state":"NY"},"email":["burton.siaperas@nosql-matters.org","siaperas@nosql-matters.org"],"region":"716","phone":["716-5428351"]},"likes":["shopping"],"memberSince":"2009-02-02"},
{"name":{"first":"Ernie","last":"Levinson"},"gender":"male","birthday":"1955-07-25","contact":{"address":{"street":"9 Neumann Pl","zip":"44482","city":"Warren","state":"OH"},"email":["ernie.levinson@nosql-matters.org"],"region":"330","phone":["330-2486637"]},"likes":[],"memberSince":"2008-08-05"},
{"name":{"first":"Malinda","last":"Siemon"},"gender":"female","birthday":"1993-04-10","contact":{"address":{"street":"3 5th St","zip":"30502","city":"Chestnut Mountain","state":"GA"},"email":["malinda.siemon@nosql-matters.org"],"region":"770","phone":["770-1054596"]},"likes":["climbing"],"memberSince":"2009-10-02"},
{"name":{"first":"Janyce","last":"Braunschweige"},"gender":"female","birthday":"1981-01-27","contact":{"address":{"street":"18 Corcoran Run","zip":"80611","city":"Briggsdale","state":"CO"},"email":["janyce.braunschweige@nosql-matters.org"],"region":"970","phone":[]},"likes":["snowboarding"],"memberSince":"2007-08-18"},
{"name":{"first":"Carter","last":"Iafrate"},"gender":"male","birthday":"1941-10-09","contact":{"address":{"street":"11 Fraser Blvd","zip":"02660","city":"South Dennis","state":"MA"},"email":["carter.iafrate@nosql-matters.org"],"region":"508","phone":["508-1004610"]},"likes":["reading","skiing"],"memberSince":"2010-09-28"},
{"name":{"first":"Shirlee","last":"Bytheway"},"gender":"female","birthday":"1992-12-18","contact":{"address":{"street":"20 242nd Ave","zip":"74570","city":"Stuart","state":"OK"},"email":["shirlee.bytheway@nosql-matters.org","shirlee@nosql-matters.org"],"region":"918","phone":["918-8788316"]},"likes":["shopping"],"memberSince":"2010-01-11"},
{"name":{"first":"Lanny","last":"Bockhorn"},"gender":"male","birthday":"1957-05-06","contact":{"address":{"street":"13 Columbia Way","zip":"30105","city":"Armuchee","state":"GA"},"email":["lanny.bockhorn@nosql-matters.org"],"region":"706","phone":["706-8338484","706-2961758"]},"likes":["checkers"],"memberSince":"2010-04-17"},
{"name":{"first":"Jarod","last":"Blosser"},"gender":"male","birthday":"1958-03-08","contact":{"address":{"street":"4 Wallick Rd","zip":"60675","city":"Chicago","state":"IL"},"email":["jarod.blosser@nosql-matters.org","blosser@nosql-matters.org"],"region":"312","phone":[]},"likes":["running","skiing"],"memberSince":"2011-10-05"},
{"name":{"first":"Ivonne","last":"Toombs"},"gender":"female","birthday":"1945-03-18","contact":{"address":{"street":"4 John Ln","zip":"84140","city":"Salt Lake City","state":"UT"},"email":["ivonne.toombs@nosql-matters.org"],"region":"801","phone":["801-0332218"]},"likes":[],"memberSince":"2010-11-16"},
{"name":{"first":"Santo","last":"Mcclennan"},"gender":"male","birthday":"1965-10-30","contact":{"address":{"street":"21 Rawlins Hwy","zip":"99030","city":"Rockford","state":"WA"},"email":["santo.mcclennan@nosql-matters.org"],"region":"509","phone":["509-3648735","509-2630273"]},"likes":["running"],"memberSince":"2009-09-23"},
{"name":{"first":"Samuel","last":"Holscher"},"gender":"female","birthday":"1982-12-15","contact":{"address":{"street":"19 Santa fe Ave","zip":"15047","city":"Greenock","state":"PA"},"email":["samuel.holscher@nosql-matters.org"],"region":"412","phone":[]},"likes":["boxing"],"memberSince":"2009-12-03"},
{"name":{"first":"Delmer","last":"Varrato"},"gender":"male","birthday":"1945-10-16","contact":{"address":{"street":"4 Ashmead St","zip":"74359","city":"Oaks","state":"OK"},"email":["delmer.varrato@nosql-matters.org","delmer@nosql-matters.org"],"region":"918","phone":["918-1924039"]},"likes":[],"memberSince":"2009-01-25"},
{"name":{"first":"Roseline","last":"Jucean"},"gender":"female","birthday":"1964-01-02","contact":{"address":{"street":"14 Kalorama Cir","zip":"61830","city":"Cisco","state":"IL"},"email":["roseline.jucean@nosql-matters.org"],"region":"217","phone":[]},"likes":["swimming"],"memberSince":"2008-04-09"},
{"name":{"first":"Harold","last":"Ackies"},"gender":"female","birthday":"1993-02-24","contact":{"address":{"street":"17 Gasoline Aly","zip":"48831","city":"Elsie","state":"MI"},"email":["harold.ackies@nosql-matters.org","ackies@nosql-matters.org","harold@nosql-matters.org"],"region":"517","phone":[]},"likes":["chatting","travelling","skiing"],"memberSince":"2008-11-07"},
{"name":{"first":"Shaun","last":"Knowell"},"gender":"male","birthday":"1969-07-18","contact":{"address":{"street":"6 Fraser St","zip":"77951","city":"Bloomington","state":"TX"},"email":["shaun.knowell@nosql-matters.org"],"region":"361","phone":["361-4719271"]},"likes":["snowboarding"],"memberSince":"2009-06-15"},
{"name":{"first":"Jenell","last":"Akery"},"gender":"female","birthday":"1968-11-11","contact":{"address":{"street":"10 266th St","zip":"08570","city":"Cranbury","state":"NJ"},"email":["jenell.akery@nosql-matters.org"],"region":"609","phone":[]},"likes":["shopping"],"memberSince":"2010-12-27"},
{"name":{"first":"Derek","last":"Warran"},"gender":"male","birthday":"1977-09-28","contact":{"address":{"street":"22 Half mound Blvd","zip":"42048","city":"Hardin","state":"KY"},"email":["derek.warran@nosql-matters.org","warran@nosql-matters.org","derek@nosql-matters.org"],"region":"270","phone":[]},"likes":["boxing"],"memberSince":"2010-04-23"},
{"name":{"first":"Carl","last":"Naveed"},"gender":"male","birthday":"1974-11-16","contact":{"address":{"street":"10 15th St","zip":"47715","city":"Evansville","state":"IN"},"email":["carl.naveed@nosql-matters.org"],"region":"812","phone":["812-7402493","812-9245418"]},"likes":["checkers"],"memberSince":"2010-11-09"},
{"name":{"first":"Prudence","last":"Litalien"},"gender":"female","birthday":"1944-06-19","contact":{"address":{"street":"15 21st St","zip":"32907","city":"Palm Bay","state":"FL"},"email":["prudence.litalien@nosql-matters.org","prudence@nosql-matters.org"],"region":"321","phone":["321-3172849"]},"likes":["swimming","chess"],"memberSince":"2009-09-19"},
{"name":{"first":"Eloy","last":"Covitz"},"gender":"male","birthday":"1972-12-31","contact":{"address":{"street":"7 Pratt Blvd","zip":"49315","city":"Byron Center","state":"MI"},"email":["eloy.covitz@nosql-matters.org"],"region":"616","phone":[]},"likes":["chatting","climbing"],"memberSince":"2010-12-08"},
{"name":{"first":"Wilfred","last":"Belile"},"gender":"male","birthday":"1987-07-08","contact":{"address":{"street":"21 New hampshire Dr","zip":"25862","city":"Lansing","state":"WV"},"email":["wilfred.belile@nosql-matters.org"],"region":"304","phone":["304-4538290"]},"likes":[],"memberSince":"2011-06-17"},
{"name":{"first":"Tanesha","last":"Holaday"},"gender":"female","birthday":"1965-01-02","contact":{"address":{"street":"14 Swann Ave","zip":"42724","city":"Cecilia","state":"KY"},"email":["tanesha.holaday@nosql-matters.org","holaday@nosql-matters.org"],"region":"270","phone":["270-4698526","270-9203398"]},"likes":[],"memberSince":"2011-06-18"},
{"name":{"first":"Trudi","last":"Oberdier"},"gender":"female","birthday":"1955-10-23","contact":{"address":{"street":"6 Fairmont Ave","zip":"05346","city":"Putney","state":"VT"},"email":["trudi.oberdier@nosql-matters.org"],"region":"802","phone":["802-3831026"]},"likes":[],"memberSince":"2011-07-31"},
{"name":{"first":"Johnnie","last":"Saloum"},"gender":"male","birthday":"1959-10-04","contact":{"address":{"street":"15 Kearney Pl","zip":"72924","city":"Bates","state":"AR"},"email":["johnnie.saloum@nosql-matters.org"],"region":"501","phone":[]},"likes":[],"memberSince":"2008-05-14"},
{"name":{"first":"Nell","last":"Blyler"},"gender":"female","birthday":"1990-06-16","contact":{"address":{"street":"5 234th St","zip":"36870","city":"Phenix City","state":"AL"},"email":["nell.blyler@nosql-matters.org","blyler@nosql-matters.org"],"region":"334","phone":["334-7732189"]},"likes":["swimming","chess","travelling"],"memberSince":"2012-03-07"},
{"name":{"first":"Lecia","last":"Rava"},"gender":"female","birthday":"1954-11-12","contact":{"address":{"street":"15 Corcoran St","zip":"32169","city":"New Smyrna Beach","state":"FL"},"email":["lecia.rava@nosql-matters.org","lecia@nosql-matters.org"],"region":"904","phone":["904-4756609"]},"likes":[],"memberSince":"2009-08-15"},
{"name":{"first":"Titus","last":"Sardina"},"gender":"male","birthday":"1988-09-26","contact":{"address":{"street":"22 Lanier Pl","zip":"48079","city":"Saint Clair","state":"MI"},"email":["titus.sardina@nosql-matters.org","titus@nosql-matters.org"],"region":"810","phone":["810-1910942"]},"likes":["chess","reading"],"memberSince":"2010-10-14"},
{"name":{"first":"Rosalinda","last":"Rusten"},"gender":"female","birthday":"1953-05-25","contact":{"address":{"street":"8 Columbia Aly","zip":"47226","city":"Clifford","state":"IN"},"email":["rosalinda.rusten@nosql-matters.org","rosalinda@nosql-matters.org"],"region":"812","phone":["812-1761002","812-3026234"]},"likes":["chatting"],"memberSince":"2011-05-07"},
{"name":{"first":"Hertha","last":"Steckler"},"gender":"female","birthday":"1976-07-29","contact":{"address":{"street":"8 Pine Hwy","zip":"61250","city":"Erie","state":"IL"},"email":["hertha.steckler@nosql-matters.org","hertha@nosql-matters.org"],"region":"309","phone":[]},"likes":["driving"],"memberSince":"2008-07-04"},
{"name":{"first":"Chara","last":"Allocca"},"gender":"female","birthday":"1993-10-24","contact":{"address":{"street":"13 Beechwood St","zip":"35285","city":"Birmingham","state":"AL"},"email":["chara.allocca@nosql-matters.org","allocca@nosql-matters.org","chara@nosql-matters.org"],"region":"205","phone":["205-0957352"]},"likes":[],"memberSince":"2007-10-13"},
{"name":{"first":"Chase","last":"Quella"},"gender":"male","birthday":"1965-11-11","contact":{"address":{"street":"15 Trego Dr","zip":"16732","city":"Gifford","state":"PA"},"email":["chase.quella@nosql-matters.org","chase@nosql-matters.org"],"region":"814","phone":[]},"likes":["shopping"],"memberSince":"2009-01-16"},
{"name":{"first":"Cassondra","last":"Higman"},"gender":"female","birthday":"1982-06-05","contact":{"address":{"street":"9 Wallach Loop","zip":"69168","city":"Venango","state":"NE"},"email":["cassondra.higman@nosql-matters.org"],"region":"308","phone":["308-8110132"]},"likes":[],"memberSince":"2008-03-06"},
{"name":{"first":"Alysha","last":"Villecus"},"gender":"female","birthday":"1977-05-22","contact":{"address":{"street":"18 Neumann Blvd","zip":"54818","city":"Brill","state":"WI"},"email":["alysha.villecus@nosql-matters.org"],"region":"715","phone":["715-3987753"]},"likes":[],"memberSince":"2007-07-16"},
{"name":{"first":"Erwin","last":"Doster"},"gender":"male","birthday":"1965-06-03","contact":{"address":{"street":"18 Mozart Ave","zip":"85061","city":"Phoenix","state":"AZ"},"email":["erwin.doster@nosql-matters.org","doster@nosql-matters.org"],"region":"602","phone":[]},"likes":["chess"],"memberSince":"2011-11-09"},
{"name":{"first":"Gerardo","last":"Syndergaard"},"gender":"male","birthday":"1974-03-16","contact":{"address":{"street":"16 Connecticut Ln","zip":"14223","city":"Buffalo","state":"NY"},"email":["gerardo.syndergaard@nosql-matters.org","syndergaard@nosql-matters.org"],"region":"716","phone":["716-8863476"]},"likes":[],"memberSince":"2009-07-09"},
{"name":{"first":"Edgar","last":"Brojakowski"},"gender":"male","birthday":"1971-12-05","contact":{"address":{"street":"15 Harvard St","zip":"46184","city":"Whiteland","state":"IN"},"email":["edgar.brojakowski@nosql-matters.org","edgar@nosql-matters.org"],"region":"317","phone":["317-8691415"]},"likes":["chess"],"memberSince":"2011-09-19"},
{"name":{"first":"Stacie","last":"Hoppman"},"gender":"female","birthday":"1949-08-21","contact":{"address":{"street":"20 Country club Way","zip":"07081","city":"Springfield","state":"NJ"},"email":["stacie.hoppman@nosql-matters.org"],"region":"973","phone":["973-2716514","973-6194024"]},"likes":["chess","boxing"],"memberSince":"2011-11-24"},
{"name":{"first":"Maryjane","last":"Fong"},"gender":"female","birthday":"1969-05-28","contact":{"address":{"street":"7 Last chance Cir","zip":"79908","city":"El Paso","state":"TX"},"email":["maryjane.fong@nosql-matters.org","maryjane@nosql-matters.org"],"region":"915","phone":["915-3736109"]},"likes":["swimming","checkers"],"memberSince":"2012-05-09"},
{"name":{"first":"Vance","last":"Placino"},"gender":"male","birthday":"1974-11-03","contact":{"address":{"street":"10 Wallace Rd","zip":"34705","city":"Astatula","state":"FL"},"email":["vance.placino@nosql-matters.org"],"region":"352","phone":["352-1285853","352-0308009"]},"likes":[],"memberSince":"2008-06-07"},
{"name":{"first":"Brad","last":"Rombach"},"gender":"male","birthday":"1951-09-23","contact":{"address":{"street":"14 Pratt Rd","zip":"04774","city":"Saint Francis","state":"ME"},"email":["brad.rombach@nosql-matters.org"],"region":"207","phone":[]},"likes":["boxing"],"memberSince":"2010-05-18"},
{"name":{"first":"Lester","last":"Hanft"},"gender":"female","birthday":"1988-01-01","contact":{"address":{"street":"10 11th St","zip":"15208","city":"Pittsburgh","state":"PA"},"email":["lester.hanft@nosql-matters.org"],"region":"412","phone":["412-7647682","412-7312950"]},"likes":["snowboarding"],"memberSince":"2010-12-22"},
{"name":{"first":"Dusty","last":"Palubiak"},"gender":"male","birthday":"1951-04-07","contact":{"address":{"street":"16 California Way","zip":"41743","city":"Fisty","state":"KY"},"email":["dusty.palubiak@nosql-matters.org"],"region":"606","phone":[]},"likes":["swimming","travelling"],"memberSince":"2009-06-07"},
{"name":{"first":"Candida","last":"Behel"},"gender":"female","birthday":"1992-06-21","contact":{"address":{"street":"7 Last chance St","zip":"02122","city":"Boston","state":"MA"},"email":["candida.behel@nosql-matters.org"],"region":"617","phone":[]},"likes":["checkers","climbing"],"memberSince":"2008-10-06"},
{"name":{"first":"Despina","last":"Mccatty"},"gender":"female","birthday":"1973-01-19","contact":{"address":{"street":"9 8th St","zip":"55485","city":"Minneapolis","state":"MN"},"email":["despina.mccatty@nosql-matters.org","mccatty@nosql-matters.org","despina@nosql-matters.org"],"region":"612","phone":[]},"likes":["running","boxing"],"memberSince":"2007-09-27"},
{"name":{"first":"Hal","last":"Hinote"},"gender":"male","birthday":"1966-02-20","contact":{"address":{"street":"8 Chapin Aly","zip":"84118","city":"Salt Lake City","state":"UT"},"email":["hal.hinote@nosql-matters.org","hinote@nosql-matters.org"],"region":"801","phone":["801-7035128","801-1937963"]},"likes":["boxing"],"memberSince":"2009-04-01"},
{"name":{"first":"Casey","last":"Keeneth"},"gender":"male","birthday":"1968-01-10","contact":{"address":{"street":"13 234th Ave","zip":"25515","city":"Gallipolis Ferry","state":"WV"},"email":["casey.keeneth@nosql-matters.org"],"region":"304","phone":["304-4043141"]},"likes":["shopping","snowboarding"],"memberSince":"2007-06-05"},
{"name":{"first":"Edwardo","last":"Dannenberg"},"gender":"male","birthday":"1993-01-18","contact":{"address":{"street":"18 Wallace Dr","zip":"41824","city":"Isom","state":"KY"},"email":["edwardo.dannenberg@nosql-matters.org","edwardo@nosql-matters.org"],"region":"606","phone":["606-7930672","606-6024788"]},"likes":[],"memberSince":"2007-08-16"},
{"name":{"first":"Francina","last":"Eikleberry"},"gender":"female","birthday":"1941-07-31","contact":{"address":{"street":"2 Wallach Aly","zip":"16858","city":"Morrisdale","state":"PA"},"email":["francina.eikleberry@nosql-matters.org","francina@nosql-matters.org"],"region":"814","phone":["814-5131686"]},"likes":[],"memberSince":"2012-05-03"},
{"name":{"first":"Johnson","last":"Kosel"},"gender":"male","birthday":"1973-07-15","contact":{"address":{"street":"5 Roberts Hwy","zip":"12189","city":"Watervliet","state":"NY"},"email":["johnson.kosel@nosql-matters.org","johnson@nosql-matters.org"],"region":"518","phone":["518-7939203"]},"likes":["swimming"],"memberSince":"2009-02-12"},
{"name":{"first":"Odelia","last":"Toler"},"gender":"female","birthday":"1961-04-02","contact":{"address":{"street":"1 Euclid Hwy","zip":"65771","city":"Walnut Shade","state":"MO"},"email":["odelia.toler@nosql-matters.org"],"region":"417","phone":["417-6947308"]},"likes":["chess","boxing"],"memberSince":"2008-12-18"},
{"name":{"first":"Lourdes","last":"Suydan"},"gender":"female","birthday":"1946-03-02","contact":{"address":{"street":"2 Calvert Dr","zip":"77320","city":"Huntsville","state":"TX"},"email":["lourdes.suydan@nosql-matters.org"],"region":"409","phone":["409-9665354"]},"likes":[],"memberSince":"2008-03-30"},
{"name":{"first":"Akiko","last":"Nidiffer"},"gender":"female","birthday":"1958-03-07","contact":{"address":{"street":"19 Palmer Way","zip":"02106","city":"Boston","state":"MA"},"email":["akiko.nidiffer@nosql-matters.org"],"region":"617","phone":["617-2042718","617-0468185"]},"likes":[],"memberSince":"2011-09-24"},
{"name":{"first":"Kurtis","last":"Thoroughgood"},"gender":"male","birthday":"1985-11-09","contact":{"address":{"street":"13 Fuller Blvd","zip":"14172","city":"Wilson","state":"NY"},"email":["kurtis.thoroughgood@nosql-matters.org","thoroughgood@nosql-matters.org","kurtis@nosql-matters.org"],"region":"716","phone":["716-6889192"]},"likes":["shopping","chatting","skiing"],"memberSince":"2011-01-02"},
{"name":{"first":"Misty","last":"Mestre"},"gender":"female","birthday":"1974-05-15","contact":{"address":{"street":"10 4th St","zip":"14168","city":"Versailles","state":"NY"},"email":["misty.mestre@nosql-matters.org","mestre@nosql-matters.org"],"region":"716","phone":["716-0930192"]},"likes":["running","biking","skiing"],"memberSince":"2012-01-28"},
{"name":{"first":"Marvella","last":"Vasbinder"},"gender":"female","birthday":"1965-04-10","contact":{"address":{"street":"3 Adams mill Blvd","zip":"66727","city":"Coyville","state":"KS"},"email":["marvella.vasbinder@nosql-matters.org"],"region":"316","phone":["316-4961659"]},"likes":[],"memberSince":"2008-02-13"},
{"name":{"first":"Britt","last":"Mestre"},"gender":"male","birthday":"1990-10-03","contact":{"address":{"street":"16 3rd St","zip":"43320","city":"Edison","state":"OH"},"email":["britt.mestre@nosql-matters.org"],"region":"419","phone":["419-9783436","419-7274956"]},"likes":["reading"],"memberSince":"2011-02-02"},
{"name":{"first":"Bettina","last":"Stotesberry"},"gender":"female","birthday":"1986-10-04","contact":{"address":{"street":"6 18th Ave","zip":"36608","city":"Mobile","state":"AL"},"email":["bettina.stotesberry@nosql-matters.org"],"region":"334","phone":["334-6825314"]},"likes":[],"memberSince":"2007-09-21"},
{"name":{"first":"Sharlene","last":"Zeolla"},"gender":"female","birthday":"1987-04-06","contact":{"address":{"street":"14 River Way","zip":"26138","city":"Brohard","state":"WV"},"email":["sharlene.zeolla@nosql-matters.org"],"region":"304","phone":["304-8306140","304-6164151"]},"likes":[],"memberSince":"2012-05-02"},
{"name":{"first":"Tyler","last":"Dismukes"},"gender":"male","birthday":"1943-03-27","contact":{"address":{"street":"17 9th Ave","zip":"54640","city":"Lynxville","state":"WI"},"email":["tyler.dismukes@nosql-matters.org"],"region":"608","phone":["608-1898504","608-3285190"]},"likes":[],"memberSince":"2007-10-22"},
{"name":{"first":"Dawn","last":"Forcello"},"gender":"female","birthday":"1986-04-22","contact":{"address":{"street":"19 115th St","zip":"17861","city":"Paxtonville","state":"PA"},"email":["dawn.forcello@nosql-matters.org","dawn@nosql-matters.org"],"region":"570","phone":["570-5630463","570-3214820"]},"likes":["climbing","ironing"],"memberSince":"2008-04-26"},
{"name":{"first":"Portia","last":"Schmader"},"gender":"female","birthday":"1955-03-22","contact":{"address":{"street":"6 Laramie Aly","zip":"17841","city":"Mc Clure","state":"PA"},"email":["portia.schmader@nosql-matters.org"],"region":"570","phone":["570-8284753","570-9616626"]},"likes":[],"memberSince":"2008-12-21"},
{"name":{"first":"Louann","last":"Taborn"},"gender":"female","birthday":"1949-12-26","contact":{"address":{"street":"22 Liberty Way","zip":"45153","city":"Moscow","state":"OH"},"email":["louann.taborn@nosql-matters.org","taborn@nosql-matters.org"],"region":"513","phone":["513-1588944","513-0957446"]},"likes":["reading","ironing"],"memberSince":"2008-03-17"},
{"name":{"first":"Lorelei","last":"Kassabaum"},"gender":"female","birthday":"1973-11-23","contact":{"address":{"street":"12 Clifton Run","zip":"51449","city":"Lake City","state":"IA"},"email":["lorelei.kassabaum@nosql-matters.org","lorelei@nosql-matters.org"],"region":"712","phone":["712-1934848"]},"likes":["boxing","travelling","climbing"],"memberSince":"2012-02-28"},
{"name":{"first":"Bud","last":"Albrekht"},"gender":"male","birthday":"1941-10-19","contact":{"address":{"street":"6 River Aly","zip":"14586","city":"West Henrietta","state":"NY"},"email":["bud.albrekht@nosql-matters.org","albrekht@nosql-matters.org"],"region":"716","phone":["716-8427357"]},"likes":[],"memberSince":"2009-10-15"},
{"name":{"first":"Dionna","last":"Barsanti"},"gender":"female","birthday":"1976-05-02","contact":{"address":{"street":"4 Palmer Ct","zip":"67651","city":"Natoma","state":"KS"},"email":["dionna.barsanti@nosql-matters.org"],"region":"785","phone":["785-1939118"]},"likes":[],"memberSince":"2009-03-23"},
{"name":{"first":"Aron","last":"Mcginty"},"gender":"male","birthday":"1964-06-26","contact":{"address":{"street":"17 198th St","zip":"13367","city":"Lowville","state":"NY"},"email":["aron.mcginty@nosql-matters.org","aron@nosql-matters.org"],"region":"315","phone":["315-1063499"]},"likes":["chatting","travelling"],"memberSince":"2007-09-04"},
{"name":{"first":"Winnifred","last":"Kucinskas"},"gender":"female","birthday":"1950-12-21","contact":{"address":{"street":"9 Trego Cir","zip":"47424","city":"Bloomfield","state":"IN"},"email":["winnifred.kucinskas@nosql-matters.org","winnifred@nosql-matters.org"],"region":"812","phone":[]},"likes":[],"memberSince":"2007-09-04"},
{"name":{"first":"Keneth","last":"Maready"},"gender":"male","birthday":"1949-01-27","contact":{"address":{"street":"9 Country club Cir","zip":"13073","city":"Groton","state":"NY"},"email":["keneth.maready@nosql-matters.org"],"region":"607","phone":["607-9700302"]},"likes":["biking"],"memberSince":"2009-06-02"},
{"name":{"first":"Demetrice","last":"Hilo"},"gender":"female","birthday":"1959-06-03","contact":{"address":{"street":"10 234th Ave","zip":"83464","city":"Leadore","state":"ID"},"email":["demetrice.hilo@nosql-matters.org"],"region":"208","phone":["208-3361855"]},"likes":["travelling"],"memberSince":"2009-02-10"},
{"name":{"first":"Arlie","last":"Pundt"},"gender":"male","birthday":"1951-09-02","contact":{"address":{"street":"5 Branchton Aly","zip":"92338","city":"Ludlow","state":"CA"},"email":["arlie.pundt@nosql-matters.org","pundt@nosql-matters.org"],"region":"760","phone":[]},"likes":[],"memberSince":"2009-05-06"},
{"name":{"first":"Herma","last":"Eustis"},"gender":"female","birthday":"1985-03-25","contact":{"address":{"street":"9 Spring Way","zip":"54204","city":"Brussels","state":"WI"},"email":["herma.eustis@nosql-matters.org","herma@nosql-matters.org"],"region":"920","phone":["920-8674413","920-2020353"]},"likes":["chess","driving"],"memberSince":"2007-11-29"},
{"name":{"first":"Ione","last":"Tangari"},"gender":"female","birthday":"1941-08-21","contact":{"address":{"street":"22 7th St","zip":"03032","city":"Auburn","state":"NH"},"email":["ione.tangari@nosql-matters.org"],"region":"603","phone":["603-5147910","603-0115867"]},"likes":[],"memberSince":"2007-08-30"},
{"name":{"first":"Genesis","last":"Sundseth"},"gender":"female","birthday":"1976-02-16","contact":{"address":{"street":"5 198th St","zip":"79966","city":"El Paso","state":"TX"},"email":["genesis.sundseth@nosql-matters.org"],"region":"915","phone":["915-9860487"]},"likes":["chess"],"memberSince":"2007-12-09"},
{"name":{"first":"Cornelius","last":"Damme"},"gender":"male","birthday":"1966-08-11","contact":{"address":{"street":"21 Neumann Blvd","zip":"75481","city":"Sulphur Bluff","state":"TX"},"email":["cornelius.damme@nosql-matters.org","cornelius@nosql-matters.org"],"region":"903","phone":["903-4487098"]},"likes":["checkers","driving"],"memberSince":"2012-04-08"},
{"name":{"first":"Harvey","last":"Drehobl"},"gender":"male","birthday":"1970-06-20","contact":{"address":{"street":"10 University Ct","zip":"67150","city":"Waldron","state":"KS"},"email":["harvey.drehobl@nosql-matters.org","drehobl@nosql-matters.org","harvey@nosql-matters.org"],"region":"316","phone":[]},"likes":["chess"],"memberSince":"2009-07-24"},
{"name":{"first":"Jules","last":"Mcewen"},"gender":"male","birthday":"1974-04-03","contact":{"address":{"street":"2 266th St","zip":"55337","city":"Burnsville","state":"MN"},"email":["jules.mcewen@nosql-matters.org","mcewen@nosql-matters.org","jules@nosql-matters.org"],"region":"612","phone":["612-1107751"]},"likes":["swimming"],"memberSince":"2011-12-20"},
{"name":{"first":"Connie","last":"Jeannotte"},"gender":"male","birthday":"1985-04-27","contact":{"address":{"street":"9 15th St","zip":"75057","city":"Lewisville","state":"TX"},"email":["connie.jeannotte@nosql-matters.org","connie@nosql-matters.org"],"region":"972","phone":[]},"likes":["driving"],"memberSince":"2010-01-23"},
{"name":{"first":"Shonna","last":"Kujat"},"gender":"female","birthday":"1964-12-12","contact":{"address":{"street":"21 17th Ave","zip":"70810","city":"Baton Rouge","state":"LA"},"email":["shonna.kujat@nosql-matters.org"],"region":"225","phone":["225-8406633","225-3577040"]},"likes":["chess","boxing","reading","travelling"],"memberSince":"2011-05-01"},
{"name":{"first":"Sigrid","last":"Devora"},"gender":"female","birthday":"1993-02-10","contact":{"address":{"street":"8 Commercial Cir","zip":"00982","city":"Carolina","state":"PR"},"email":["sigrid.devora@nosql-matters.org","devora@nosql-matters.org"],"region":"787","phone":[]},"likes":["swimming","climbing"],"memberSince":"2009-04-17"},
{"name":{"first":"Gerald","last":"Lapinta"},"gender":"male","birthday":"1972-07-10","contact":{"address":{"street":"8 2nd Ave","zip":"54467","city":"Plover","state":"WI"},"email":["gerald.lapinta@nosql-matters.org","gerald@nosql-matters.org"],"region":"715","phone":["715-5656792","715-7054062"]},"likes":[],"memberSince":"2008-05-27"},
{"name":{"first":"Lang","last":"Taper"},"gender":"female","birthday":"1964-12-11","contact":{"address":{"street":"21 5th St","zip":"17106","city":"Harrisburg","state":"PA"},"email":["lang.taper@nosql-matters.org","taper@nosql-matters.org","lang@nosql-matters.org"],"region":"717","phone":[]},"likes":["chatting","climbing"],"memberSince":"2012-02-10"},
{"name":{"first":"Cole","last":"Hillery"},"gender":"male","birthday":"1960-04-16","contact":{"address":{"street":"15 Harper Rd","zip":"58106","city":"Fargo","state":"ND"},"email":["cole.hillery@nosql-matters.org","cole@nosql-matters.org"],"region":"701","phone":["701-8667358"]},"likes":["ironing"],"memberSince":"2010-04-01"},
{"name":{"first":"Everett","last":"Gallob"},"gender":"male","birthday":"1949-07-28","contact":{"address":{"street":"22 9th Ave","zip":"52053","city":"Holy Cross","state":"IA"},"email":["everett.gallob@nosql-matters.org","everett@nosql-matters.org"],"region":"319","phone":["319-5273289","319-1125017"]},"likes":["boxing"],"memberSince":"2011-04-23"},
{"name":{"first":"Jaquelyn","last":"Rocks"},"gender":"female","birthday":"1981-09-09","contact":{"address":{"street":"7 18th Ave","zip":"64129","city":"Kansas City","state":"MO"},"email":["jaquelyn.rocks@nosql-matters.org","rocks@nosql-matters.org"],"region":"816","phone":["816-5577901","816-0293839"]},"likes":["running"],"memberSince":"2008-12-23"},
{"name":{"first":"Fletcher","last":"Procknow"},"gender":"male","birthday":"1991-03-22","contact":{"address":{"street":"16 290th Ave","zip":"57326","city":"Chamberlain","state":"SD"},"email":["fletcher.procknow@nosql-matters.org","procknow@nosql-matters.org"],"region":"605","phone":["605-2922012"]},"likes":["shopping","chatting"],"memberSince":"2010-02-21"},
{"name":{"first":"Leonel","last":"Catalina"},"gender":"male","birthday":"1949-06-19","contact":{"address":{"street":"2 Corcoran Pl","zip":"19335","city":"Downingtown","state":"PA"},"email":["leonel.catalina@nosql-matters.org","catalina@nosql-matters.org"],"region":"610","phone":["610-0192036"]},"likes":["running","swimming","chatting"],"memberSince":"2009-03-23"},
{"name":{"first":"Doyle","last":"Norse"},"gender":"male","birthday":"1975-01-17","contact":{"address":{"street":"14 Willard Ave","zip":"54449","city":"Marshfield","state":"WI"},"email":["doyle.norse@nosql-matters.org"],"region":"715","phone":["715-3877019","715-4177820"]},"likes":["shopping"],"memberSince":"2010-04-01"},
{"name":{"first":"Sean","last":"Resenz"},"gender":"male","birthday":"1979-08-30","contact":{"address":{"street":"21 Columbia Run","zip":"76051","city":"Grapevine","state":"TX"},"email":["sean.resenz@nosql-matters.org"],"region":"817","phone":["817-4514025"]},"likes":["swimming"],"memberSince":"2009-03-10"},
{"name":{"first":"Mayme","last":"Bucio"},"gender":"female","birthday":"1973-11-20","contact":{"address":{"street":"13 Harvard Way","zip":"24475","city":"Spottswood","state":"VA"},"email":["mayme.bucio@nosql-matters.org"],"region":"540","phone":["540-1513081","540-9758830"]},"likes":["swimming"],"memberSince":"2007-09-02"},
{"name":{"first":"Dorthey","last":"Gracy"},"gender":"female","birthday":"1967-08-25","contact":{"address":{"street":"2 13th Ave","zip":"43356","city":"Waldo","state":"OH"},"email":["dorthey.gracy@nosql-matters.org","gracy@nosql-matters.org"],"region":"740","phone":["740-8360831"]},"likes":["snowboarding","driving"],"memberSince":"2010-10-15"},
{"name":{"first":"Chad","last":"Hamberger"},"gender":"male","birthday":"1954-09-19","contact":{"address":{"street":"2 Morningside Pl","zip":"16113","city":"Clark","state":"PA"},"email":["chad.hamberger@nosql-matters.org"],"region":"724","phone":[]},"likes":["running","ironing"],"memberSince":"2009-11-10"},
{"name":{"first":"Asha","last":"Bloome"},"gender":"female","birthday":"1987-04-26","contact":{"address":{"street":"19 New hampshire Aly","zip":"32634","city":"Fairfield","state":"FL"},"email":["asha.bloome@nosql-matters.org"],"region":"352","phone":["352-5226439","352-2393014"]},"likes":["running","chess"],"memberSince":"2007-06-04"},
{"name":{"first":"Wes","last":"Mathison"},"gender":"male","birthday":"1948-01-21","contact":{"address":{"street":"22 New york Pl","zip":"42456","city":"Slaughters","state":"KY"},"email":["wes.mathison@nosql-matters.org","mathison@nosql-matters.org"],"region":"270","phone":["270-3786720"]},"likes":[],"memberSince":"2010-06-05"},
{"name":{"first":"Nichelle","last":"Conly"},"gender":"female","birthday":"1950-06-14","contact":{"address":{"street":"20 Branchton Rd","zip":"45416","city":"Dayton","state":"OH"},"email":["nichelle.conly@nosql-matters.org","conly@nosql-matters.org"],"region":"937","phone":["937-4489248"]},"likes":[],"memberSince":"2007-11-28"},
{"name":{"first":"Allen","last":"Creacy"},"gender":"female","birthday":"1984-06-11","contact":{"address":{"street":"8 Woodlawn Rd","zip":"52645","city":"New London","state":"IA"},"email":["allen.creacy@nosql-matters.org"],"region":"319","phone":[]},"likes":[],"memberSince":"2010-03-31"},
{"name":{"first":"Randal","last":"Mastrobuono"},"gender":"male","birthday":"1959-05-27","contact":{"address":{"street":"22 Riverview Loop","zip":"17326","city":"Gettysburg","state":"PA"},"email":["randal.mastrobuono@nosql-matters.org","randal@nosql-matters.org"],"region":"717","phone":["717-2323847"]},"likes":["swimming","skiing"],"memberSince":"2010-09-27"},
{"name":{"first":"Mason","last":"Savell"},"gender":"male","birthday":"1953-03-09","contact":{"address":{"street":"21 Mound Cir","zip":"76476","city":"Tolar","state":"TX"},"email":["mason.savell@nosql-matters.org"],"region":"254","phone":["254-6742978"]},"likes":[],"memberSince":"2011-02-02"},
{"name":{"first":"Rufus","last":"Jett"},"gender":"male","birthday":"1987-02-23","contact":{"address":{"street":"9 Kearney Dr","zip":"65449","city":"Cook Station","state":"MO"},"email":["rufus.jett@nosql-matters.org"],"region":"573","phone":["573-7659225","573-9939023"]},"likes":[],"memberSince":"2009-02-07"},
{"name":{"first":"Isaac","last":"Mlodzianowski"},"gender":"male","birthday":"1949-11-10","contact":{"address":{"street":"7 Woodson St","zip":"43048","city":"Mount Liberty","state":"OH"},"email":["isaac.mlodzianowski@nosql-matters.org"],"region":"740","phone":["740-2882408","740-7569143"]},"likes":["reading","travelling"],"memberSince":"2010-05-12"},
{"name":{"first":"Davis","last":"Zbinden"},"gender":"male","birthday":"1948-03-06","contact":{"address":{"street":"3 20th Ave","zip":"24870","city":"Oceana","state":"WV"},"email":["davis.zbinden@nosql-matters.org","zbinden@nosql-matters.org","davis@nosql-matters.org"],"region":"304","phone":["304-5891194"]},"likes":[],"memberSince":"2012-03-04"},
{"name":{"first":"Lynwood","last":"Kluever"},"gender":"male","birthday":"1949-01-07","contact":{"address":{"street":"2 Vermont Ct","zip":"96718","city":"Hawaii National Park","state":"HI"},"email":["lynwood.kluever@nosql-matters.org","kluever@nosql-matters.org"],"region":"808","phone":["808-4065621"]},"likes":["chess","checkers"],"memberSince":"2009-04-11"},
{"name":{"first":"Felipe","last":"Poertner"},"gender":"male","birthday":"1976-11-14","contact":{"address":{"street":"7 16th Ave","zip":"97321","city":"Albany","state":"OR"},"email":["felipe.poertner@nosql-matters.org"],"region":"541","phone":["541-2047760"]},"likes":["checkers","skiing"],"memberSince":"2007-06-23"},
{"name":{"first":"Jammie","last":"Laatsch"},"gender":"female","birthday":"1984-01-31","contact":{"address":{"street":"11 Laramie Rd","zip":"66771","city":"Saint Paul","state":"KS"},"email":["jammie.laatsch@nosql-matters.org"],"region":"316","phone":["316-4480738","316-4214474"]},"likes":[],"memberSince":"2008-03-06"},
{"name":{"first":"Shawn","last":"Schmeidler"},"gender":"male","birthday":"1976-07-01","contact":{"address":{"street":"18 Gasoline St","zip":"46247","city":"Indianapolis","state":"IN"},"email":["shawn.schmeidler@nosql-matters.org"],"region":"317","phone":["317-6373863"]},"likes":["chatting","snowboarding"],"memberSince":"2012-04-07"},
{"name":{"first":"Sylvia","last":"Arleth"},"gender":"female","birthday":"1959-04-19","contact":{"address":{"street":"11 Pratt St","zip":"12582","city":"Stormville","state":"NY"},"email":["sylvia.arleth@nosql-matters.org","arleth@nosql-matters.org"],"region":"914","phone":[]},"likes":["checkers"],"memberSince":"2007-12-05"},
{"name":{"first":"Cliff","last":"Giancola"},"gender":"male","birthday":"1942-02-16","contact":{"address":{"street":"8 Crescent Pl","zip":"38677","city":"University","state":"MS"},"email":["cliff.giancola@nosql-matters.org"],"region":"662","phone":["662-7274610","662-5385103"]},"likes":["skiing"],"memberSince":"2010-10-08"},
{"name":{"first":"Branda","last":"Dorey"},"gender":"female","birthday":"1994-03-28","contact":{"address":{"street":"16 Kansas Dr","zip":"98686","city":"Vancouver","state":"WA"},"email":["branda.dorey@nosql-matters.org"],"region":"360","phone":[]},"likes":["snowboarding"],"memberSince":"2008-07-05"},
{"name":{"first":"Nancee","last":"Bayard"},"gender":"female","birthday":"1979-02-24","contact":{"address":{"street":"8 Roberts Way","zip":"28115","city":"Mooresville","state":"NC"},"email":["nancee.bayard@nosql-matters.org"],"region":"704","phone":["704-4821391"]},"likes":["biking","checkers"],"memberSince":"2010-08-15"},
{"name":{"first":"Indira","last":"Milkovich"},"gender":"female","birthday":"1951-10-08","contact":{"address":{"street":"15 334th Ave","zip":"79990","city":"El Paso","state":"TX"},"email":["indira.milkovich@nosql-matters.org"],"region":"915","phone":["915-2797737"]},"likes":[],"memberSince":"2011-08-17"},
{"name":{"first":"Israel","last":"Sefcheck"},"gender":"male","birthday":"1944-03-04","contact":{"address":{"street":"22 Woodson Run","zip":"97440","city":"Eugene","state":"OR"},"email":["israel.sefcheck@nosql-matters.org","israel@nosql-matters.org"],"region":"541","phone":["541-4277802"]},"likes":["shopping","driving","skiing"],"memberSince":"2011-06-21"},
{"name":{"first":"Jay","last":"Traverso"},"gender":"male","birthday":"1967-04-15","contact":{"address":{"street":"21 4th St","zip":"24036","city":"Roanoke","state":"VA"},"email":["jay.traverso@nosql-matters.org","traverso@nosql-matters.org"],"region":"540","phone":["540-9166934","540-8294775"]},"likes":["checkers","climbing"],"memberSince":"2009-02-18"},
{"name":{"first":"Ian","last":"Rummerfield"},"gender":"male","birthday":"1978-03-28","contact":{"address":{"street":"12 Logeman Blvd","zip":"01379","city":"Wendell","state":"MA"},"email":["ian.rummerfield@nosql-matters.org","ian@nosql-matters.org"],"region":"978","phone":["978-3409534"]},"likes":["chatting","travelling","climbing"],"memberSince":"2011-07-05"},
{"name":{"first":"Kemberly","last":"Bramblett"},"gender":"female","birthday":"1981-01-20","contact":{"address":{"street":"18 234th St","zip":"97130","city":"Manzanita","state":"OR"},"email":["kemberly.bramblett@nosql-matters.org","bramblett@nosql-matters.org"],"region":"503","phone":["503-0057719"]},"likes":[],"memberSince":"2011-03-09"},
{"name":{"first":"Brice","last":"Sae"},"gender":"male","birthday":"1953-09-11","contact":{"address":{"street":"2 16th Ave","zip":"14772","city":"Randolph","state":"NY"},"email":["brice.sae@nosql-matters.org"],"region":"716","phone":["716-4504934"]},"likes":[],"memberSince":"2010-04-16"},
{"name":{"first":"Armand","last":"Dalaq"},"gender":"male","birthday":"1945-02-01","contact":{"address":{"street":"19 Beechwood Ct","zip":"60303","city":"Oak Park","state":"IL"},"email":["armand.dalaq@nosql-matters.org","armand@nosql-matters.org"],"region":"708","phone":[]},"likes":["chess"],"memberSince":"2008-07-04"},
{"name":{"first":"Gregoria","last":"Salas"},"gender":"female","birthday":"1950-12-31","contact":{"address":{"street":"12 Euclid Way","zip":"61262","city":"Lynn Center","state":"IL"},"email":["gregoria.salas@nosql-matters.org","gregoria@nosql-matters.org"],"region":"309","phone":[]},"likes":["swimming","driving"],"memberSince":"2008-07-05"},
{"name":{"first":"Bud","last":"Gillig"},"gender":"male","birthday":"1942-05-22","contact":{"address":{"street":"18 Vernon Pl","zip":"40862","city":"Partridge","state":"KY"},"email":["bud.gillig@nosql-matters.org","gillig@nosql-matters.org"],"region":"606","phone":["606-5503677","606-3234201"]},"likes":["snowboarding"],"memberSince":"2009-08-20"},
{"name":{"first":"Earnest","last":"Minten"},"gender":"male","birthday":"1956-05-31","contact":{"address":{"street":"2 Palmer Loop","zip":"44695","city":"Bowerston","state":"OH"},"email":["earnest.minten@nosql-matters.org","minten@nosql-matters.org"],"region":"740","phone":["740-4080203"]},"likes":["chess"],"memberSince":"2012-03-05"},
{"name":{"first":"Sage","last":"Lourence"},"gender":"female","birthday":"1982-08-01","contact":{"address":{"street":"20 242nd St","zip":"28307","city":"Fort Bragg","state":"NC"},"email":["sage.lourence@nosql-matters.org"],"region":"910","phone":["910-2760106"]},"likes":["shopping","snowboarding"],"memberSince":"2010-06-30"},
{"name":{"first":"Dottie","last":"Scheib"},"gender":"female","birthday":"1965-05-31","contact":{"address":{"street":"22 Mozart Dr","zip":"94571","city":"Rio Vista","state":"CA"},"email":["dottie.scheib@nosql-matters.org"],"region":"707","phone":[]},"likes":["travelling"],"memberSince":"2008-02-25"},
{"name":{"first":"Dexter","last":"Riojas"},"gender":"male","birthday":"1982-06-30","contact":{"address":{"street":"22 Atchison Cir","zip":"27920","city":"Buxton","state":"NC"},"email":["dexter.riojas@nosql-matters.org"],"region":"252","phone":["252-3726484","252-1558320"]},"likes":["swimming","chess","snowboarding","climbing"],"memberSince":"2010-11-24"},
{"name":{"first":"Herminia","last":"Cookey"},"gender":"female","birthday":"1947-07-26","contact":{"address":{"street":"16 19th Ave","zip":"60549","city":"Serena","state":"IL"},"email":["herminia.cookey@nosql-matters.org","herminia@nosql-matters.org"],"region":"815","phone":["815-0201762","815-3403156"]},"likes":["chess"],"memberSince":"2010-04-25"},
{"name":{"first":"Reid","last":"Henington"},"gender":"male","birthday":"1946-11-30","contact":{"address":{"street":"11 Industrial Pl","zip":"02164","city":"Newton","state":"MA"},"email":["reid.henington@nosql-matters.org"],"region":"617","phone":["617-5383374"]},"likes":["snowboarding"],"memberSince":"2011-11-09"},
{"name":{"first":"Todd","last":"Crossfield"},"gender":"male","birthday":"1956-06-24","contact":{"address":{"street":"19 Spring Rd","zip":"60004","city":"Arlington Heights","state":"IL"},"email":["todd.crossfield@nosql-matters.org","todd@nosql-matters.org"],"region":"847","phone":["847-5347550"]},"likes":[],"memberSince":"2007-08-28"},
{"name":{"first":"Klara","last":"Quero"},"gender":"female","birthday":"1955-07-29","contact":{"address":{"street":"3 Beechwood Blvd","zip":"89102","city":"Las Vegas","state":"NV"},"email":["klara.quero@nosql-matters.org","klara@nosql-matters.org"],"region":"702","phone":["702-1667610"]},"likes":[],"memberSince":"2012-04-20"},
{"name":{"first":"Latonia","last":"Dragg"},"gender":"female","birthday":"1972-11-02","contact":{"address":{"street":"16 Pratt Dr","zip":"15742","city":"Glen Campbell","state":"PA"},"email":["latonia.dragg@nosql-matters.org","dragg@nosql-matters.org"],"region":"814","phone":["814-9440786"]},"likes":["swimming"],"memberSince":"2011-11-11"},
{"name":{"first":"Patricia","last":"Lance"},"gender":"female","birthday":"1967-05-10","contact":{"address":{"street":"6 Clydesdale Cir","zip":"52552","city":"Drakesville","state":"IA"},"email":["patricia.lance@nosql-matters.org","lance@nosql-matters.org"],"region":"515","phone":["515-6195006"]},"likes":[],"memberSince":"2007-12-02"},
{"name":{"first":"Asa","last":"Cacioppo"},"gender":"male","birthday":"1973-10-16","contact":{"address":{"street":"3 Phillips Way","zip":"45367","city":"Sidney","state":"OH"},"email":["asa.cacioppo@nosql-matters.org","cacioppo@nosql-matters.org"],"region":"937","phone":["937-0397364"]},"likes":["skiing"],"memberSince":"2011-10-31"},
{"name":{"first":"Marlin","last":"Orto"},"gender":"male","birthday":"1967-06-09","contact":{"address":{"street":"16 Walnut Ave","zip":"87831","city":"San Acacia","state":"NM"},"email":["marlin.orto@nosql-matters.org"],"region":"505","phone":[]},"likes":["running","reading"],"memberSince":"2010-08-08"},
{"name":{"first":"Soraya","last":"Cloffi"},"gender":"female","birthday":"1944-01-13","contact":{"address":{"street":"19 3rd Ave","zip":"61061","city":"Oregon","state":"IL"},"email":["soraya.cloffi@nosql-matters.org"],"region":"815","phone":[]},"likes":["skiing"],"memberSince":"2011-07-22"},
{"name":{"first":"Levi","last":"Huenink"},"gender":"male","birthday":"1980-10-30","contact":{"address":{"street":"1 Harper Ln","zip":"28719","city":"Cherokee","state":"NC"},"email":["levi.huenink@nosql-matters.org","levi@nosql-matters.org"],"region":"828","phone":["828-7942959"]},"likes":[],"memberSince":"2010-11-01"},
{"name":{"first":"Liliana","last":"Klahr"},"gender":"female","birthday":"1955-01-01","contact":{"address":{"street":"12 Spring Way","zip":"19550","city":"Rehrersburg","state":"PA"},"email":["liliana.klahr@nosql-matters.org","klahr@nosql-matters.org"],"region":"717","phone":["717-1245025","717-5799333"]},"likes":["running","chatting","chess"],"memberSince":"2009-07-30"},
{"name":{"first":"Rosamond","last":"Terris"},"gender":"female","birthday":"1957-07-31","contact":{"address":{"street":"17 Fairmont Loop","zip":"90721","city":"Los Alamitos","state":"CA"},"email":["rosamond.terris@nosql-matters.org","terris@nosql-matters.org","rosamond@nosql-matters.org"],"region":"562","phone":["562-3340600"]},"likes":["skiing","ironing"],"memberSince":"2010-06-05"},
{"name":{"first":"Rory","last":"Lalin"},"gender":"male","birthday":"1945-09-28","contact":{"address":{"street":"15 Price St","zip":"46741","city":"Grabill","state":"IN"},"email":["rory.lalin@nosql-matters.org"],"region":"219","phone":["219-3381846"]},"likes":["ironing"],"memberSince":"2009-01-25"},
{"name":{"first":"Truman","last":"Millis"},"gender":"male","birthday":"1981-01-13","contact":{"address":{"street":"12 Champlain Cir","zip":"63535","city":"Coatsville","state":"MO"},"email":["truman.millis@nosql-matters.org"],"region":"660","phone":["660-3515886"]},"likes":[],"memberSince":"2011-06-07"}
,{"name":{"first":"Leonardo","last":"Postlewait"},"gender":"male","birthday":"1987-05-30","contact":{"address":{"street":"11 Fraser Way","zip":"44024","city":"Chardon","state":"OH"},"email":["leonardo.postlewait@nosql-matters.org","leonardo@nosql-matters.org"],"region":"440","phone":["440-2215884","440-4931997"]},"likes":[],"memberSince":"2007-05-27"},
{"name":{"first":"Cliff","last":"Schuck"},"gender":"male","birthday":"1964-06-15","contact":{"address":{"street":"20 Wallace Ct","zip":"20711","city":"Lothian","state":"MD"},"email":["cliff.schuck@nosql-matters.org","schuck@nosql-matters.org"],"region":"410","phone":[]},"likes":["skiing"],"memberSince":"2009-11-20"},
{"name":{"first":"Delphine","last":"Schmand"},"gender":"female","birthday":"1988-12-18","contact":{"address":{"street":"21 River Loop","zip":"03871","city":"Rye Beach","state":"NH"},"email":["delphine.schmand@nosql-matters.org","delphine@nosql-matters.org"],"region":"603","phone":["603-7968208"]},"likes":["shopping","travelling","climbing"],"memberSince":"2009-02-13"},
{"name":{"first":"Neal","last":"Pizzuto"},"gender":"male","birthday":"1969-09-13","contact":{"address":{"street":"19 Palmer Cir","zip":"85262","city":"Scottsdale","state":"AZ"},"email":["neal.pizzuto@nosql-matters.org"],"region":"480","phone":["480-0970013","480-6358484"]},"likes":["swimming"],"memberSince":"2007-06-16"},
{"name":{"first":"Trent","last":"Maddalena"},"gender":"male","birthday":"1964-08-14","contact":{"address":{"street":"15 19th St","zip":"60092","city":"Libertyville","state":"IL"},"email":["trent.maddalena@nosql-matters.org","maddalena@nosql-matters.org"],"region":"847","phone":[]},"likes":["running","chess","driving"],"memberSince":"2009-04-15"},
{"name":{"first":"Particia","last":"Merriwether"},"gender":"female","birthday":"1960-11-23","contact":{"address":{"street":"1 Pine Pl","zip":"83661","city":"Payette","state":"ID"},"email":["particia.merriwether@nosql-matters.org","particia@nosql-matters.org"],"region":"208","phone":["208-8576109","208-5375892"]},"likes":["shopping"],"memberSince":"2009-04-08"},
{"name":{"first":"Tonita","last":"Rowman"},"gender":"female","birthday":"1954-06-29","contact":{"address":{"street":"16 Pratt Rd","zip":"15685","city":"Southwest","state":"PA"},"email":["tonita.rowman@nosql-matters.org","rowman@nosql-matters.org"],"region":"724","phone":["724-7593085"]},"likes":[],"memberSince":"2008-06-14"},
{"name":{"first":"Jewel","last":"Macartney"},"gender":"female","birthday":"1960-01-02","contact":{"address":{"street":"12 Kansas Dr","zip":"02902","city":"Providence","state":"RI"},"email":["jewel.macartney@nosql-matters.org","macartney@nosql-matters.org"],"region":"401","phone":[]},"likes":["ironing"],"memberSince":"2008-09-05"},
{"name":{"first":"Kym","last":"Zanotti"},"gender":"female","birthday":"1959-01-02","contact":{"address":{"street":"3 Trego St","zip":"28664","city":"Plumtree","state":"NC"},"email":["kym.zanotti@nosql-matters.org"],"region":"828","phone":["828-7389543","828-3698936"]},"likes":["shopping","swimming","chess","travelling","ironing"],"memberSince":"2009-01-12"},
{"name":{"first":"Gia","last":"Kennamer"},"gender":"female","birthday":"1971-02-19","contact":{"address":{"street":"9 Clifton Way","zip":"26711","city":"Capon Bridge","state":"WV"},"email":["gia.kennamer@nosql-matters.org","gia@nosql-matters.org"],"region":"304","phone":["304-9196576","304-0196329"]},"likes":["snowboarding","skiing"],"memberSince":"2012-04-17"},
{"name":{"first":"Cecil","last":"Armer"},"gender":"male","birthday":"1947-08-25","contact":{"address":{"street":"6 Cliffbourne Aly","zip":"44116","city":"Rocky River","state":"OH"},"email":["cecil.armer@nosql-matters.org","cecil@nosql-matters.org"],"region":"440","phone":["440-4733864"]},"likes":["boxing","skiing"],"memberSince":"2007-06-20"},
{"name":{"first":"Larry","last":"River"},"gender":"male","birthday":"1968-02-16","contact":{"address":{"street":"14 6th Ave","zip":"69043","city":"Stratton","state":"NE"},"email":["larry.river@nosql-matters.org"],"region":"308","phone":["308-1603101"]},"likes":["biking","checkers"],"memberSince":"2011-01-10"},
{"name":{"first":"Evelina","last":"Reho"},"gender":"female","birthday":"1978-03-27","contact":{"address":{"street":"5 20th Ave","zip":"61335","city":"Mc Nabb","state":"IL"},"email":["evelina.reho@nosql-matters.org","reho@nosql-matters.org"],"region":"815","phone":["815-5557074"]},"likes":["running"],"memberSince":"2010-06-21"},
{"name":{"first":"Markita","last":"Freudiger"},"gender":"female","birthday":"1943-02-18","contact":{"address":{"street":"2 Florida Dr","zip":"27047","city":"Siloam","state":"NC"},"email":["markita.freudiger@nosql-matters.org","markita@nosql-matters.org"],"region":"336","phone":[]},"likes":["running","checkers","climbing"],"memberSince":"2010-11-23"},
{"name":{"first":"Doug","last":"Sorbera"},"gender":"male","birthday":"1987-12-27","contact":{"address":{"street":"20 18th St","zip":"47003","city":"West College Corner","state":"IN"},"email":["doug.sorbera@nosql-matters.org"],"region":"317","phone":["317-3255494","317-0385750"]},"likes":[],"memberSince":"2011-08-03"},
{"name":{"first":"Sina","last":"Kuks"},"gender":"female","birthday":"1950-05-18","contact":{"address":{"street":"17 Woodson Loop","zip":"78384","city":"San Diego","state":"TX"},"email":["sina.kuks@nosql-matters.org"],"region":"361","phone":["361-0824723"]},"likes":["driving"],"memberSince":"2010-09-10"},
{"name":{"first":"Malcom","last":"Rynders"},"gender":"male","birthday":"1949-01-31","contact":{"address":{"street":"4 New hampshire Pl","zip":"00212","city":"Portsmouth","state":"NH"},"email":["malcom.rynders@nosql-matters.org","malcom@nosql-matters.org"],"region":"603","phone":["603-0183243"]},"likes":[],"memberSince":"2011-05-06"},
{"name":{"first":"Christoper","last":"Chiarmonte"},"gender":"male","birthday":"1979-12-23","contact":{"address":{"street":"14 Pine Aly","zip":"45871","city":"New Knoxville","state":"OH"},"email":["christoper.chiarmonte@nosql-matters.org"],"region":"419","phone":["419-2373153","419-1166220"]},"likes":["shopping"],"memberSince":"2011-01-16"},
{"name":{"first":"Zada","last":"Gutenson"},"gender":"female","birthday":"1948-04-20","contact":{"address":{"street":"2 Patriot Run","zip":"46391","city":"Westville","state":"IN"},"email":["zada.gutenson@nosql-matters.org","gutenson@nosql-matters.org","zada@nosql-matters.org"],"region":"219","phone":["219-2113140","219-1679992"]},"likes":["swimming"],"memberSince":"2011-03-11"},
{"name":{"first":"Quincy","last":"Buchmiller"},"gender":"male","birthday":"1943-12-23","contact":{"address":{"street":"19 Country club Blvd","zip":"97143","city":"Netarts","state":"OR"},"email":["quincy.buchmiller@nosql-matters.org","quincy@nosql-matters.org"],"region":"503","phone":[]},"likes":[],"memberSince":"2010-01-29"},
{"name":{"first":"Joseph","last":"Gutenson"},"gender":"male","birthday":"1947-08-29","contact":{"address":{"street":"15 Commercial Cir","zip":"24595","city":"Sweet Briar","state":"VA"},"email":["joseph.gutenson@nosql-matters.org","joseph@nosql-matters.org"],"region":"804","phone":["804-1138787"]},"likes":["checkers"],"memberSince":"2009-04-04"},
{"name":{"first":"Karl","last":"Howett"},"gender":"male","birthday":"1942-07-01","contact":{"address":{"street":"2 Commercial Ln","zip":"35182","city":"Wattsville","state":"AL"},"email":["karl.howett@nosql-matters.org","howett@nosql-matters.org"],"region":"256","phone":[]},"likes":["shopping","reading"],"memberSince":"2010-12-12"},
{"name":{"first":"Jacquiline","last":"Kym"},"gender":"female","birthday":"1960-12-28","contact":{"address":{"street":"16 Summit Ct","zip":"45004","city":"Collinsville","state":"OH"},"email":["jacquiline.kym@nosql-matters.org"],"region":"513","phone":["513-8271978","513-3580336"]},"likes":["ironing"],"memberSince":"2010-07-02"},
{"name":{"first":"Clint","last":"Knappert"},"gender":"male","birthday":"1961-06-28","contact":{"address":{"street":"8 13th Ave","zip":"96777","city":"Pahala","state":"HI"},"email":["clint.knappert@nosql-matters.org"],"region":"808","phone":["808-5932538"]},"likes":["swimming"],"memberSince":"2009-07-15"},
{"name":{"first":"Craig","last":"Hauschild"},"gender":"male","birthday":"1956-04-06","contact":{"address":{"street":"16 Fairmont Run","zip":"06129","city":"Wethersfield","state":"CT"},"email":["craig.hauschild@nosql-matters.org","hauschild@nosql-matters.org"],"region":"860","phone":["860-5028963","860-4518907"]},"likes":["shopping","chess"],"memberSince":"2009-01-31"},
{"name":{"first":"Floyd","last":"Stank"},"gender":"male","birthday":"1961-01-31","contact":{"address":{"street":"12 New hampshire St","zip":"97908","city":"Ironside","state":"OR"},"email":["floyd.stank@nosql-matters.org"],"region":"541","phone":["541-7219746"]},"likes":[],"memberSince":"2012-05-06"},
{"name":{"first":"Jaye","last":"Morss"},"gender":"female","birthday":"1951-10-03","contact":{"address":{"street":"14 Roberts Aly","zip":"60572","city":"Aurora","state":"IL"},"email":["jaye.morss@nosql-matters.org","jaye@nosql-matters.org"],"region":"630","phone":["630-7504098"]},"likes":[],"memberSince":"2007-09-18"},
{"name":{"first":"Danika","last":"Taveras"},"gender":"female","birthday":"1958-11-05","contact":{"address":{"street":"2 Park Ct","zip":"91768","city":"Pomona","state":"CA"},"email":["danika.taveras@nosql-matters.org"],"region":"909","phone":["909-0789789"]},"likes":["driving"],"memberSince":"2009-01-06"},
{"name":{"first":"Suzette","last":"Bowle"},"gender":"female","birthday":"1969-09-29","contact":{"address":{"street":"17 Girard Ave","zip":"04006","city":"Biddeford Pool","state":"ME"},"email":["suzette.bowle@nosql-matters.org"],"region":"207","phone":["207-9699041"]},"likes":["biking","swimming","driving"],"memberSince":"2011-06-15"},
{"name":{"first":"Robert","last":"Mollison"},"gender":"male","birthday":"1987-09-23","contact":{"address":{"street":"14 Laramie Blvd","zip":"53968","city":"Wonewoc","state":"WI"},"email":["robert.mollison@nosql-matters.org","robert@nosql-matters.org"],"region":"608","phone":["608-7588732"]},"likes":["running"],"memberSince":"2008-10-06"},
{"name":{"first":"Eliseo","last":"Habermehl"},"gender":"male","birthday":"1975-10-28","contact":{"address":{"street":"7 4th St","zip":"98381","city":"Sekiu","state":"WA"},"email":["eliseo.habermehl@nosql-matters.org"],"region":"360","phone":["360-6273073"]},"likes":[],"memberSince":"2009-05-11"},
{"name":{"first":"Christel","last":"Rothrock"},"gender":"female","birthday":"1963-08-06","contact":{"address":{"street":"4 Laramie Hwy","zip":"30341","city":"Atlanta","state":"GA"},"email":["christel.rothrock@nosql-matters.org","rothrock@nosql-matters.org"],"region":"770","phone":["770-7575013","770-4273374"]},"likes":["reading","ironing"],"memberSince":"2009-04-11"},
{"name":{"first":"Augustine","last":"Donkor"},"gender":"male","birthday":"1967-10-18","contact":{"address":{"street":"7 Vernon Cir","zip":"77989","city":"Thomaston","state":"TX"},"email":["augustine.donkor@nosql-matters.org"],"region":"361","phone":["361-3615651","361-0809177"]},"likes":[],"memberSince":"2011-11-02"},
{"name":{"first":"Ian","last":"Maple"},"gender":"male","birthday":"1986-10-19","contact":{"address":{"street":"5 New hampshire Cir","zip":"74030","city":"Drumright","state":"OK"},"email":["ian.maple@nosql-matters.org"],"region":"918","phone":["918-1491591"]},"likes":["climbing","ironing"],"memberSince":"2009-06-19"},
{"name":{"first":"Maxima","last":"Appelman"},"gender":"female","birthday":"1983-02-08","contact":{"address":{"street":"17 Wyoming Ct","zip":"68882","city":"Wolbach","state":"NE"},"email":["maxima.appelman@nosql-matters.org","appelman@nosql-matters.org"],"region":"308","phone":["308-3942608","308-4380373"]},"likes":["shopping","boxing"],"memberSince":"2010-02-25"},
{"name":{"first":"Nicolas","last":"Termeer"},"gender":"male","birthday":"1957-09-01","contact":{"address":{"street":"3 Woodlawn Cir","zip":"29045","city":"Elgin","state":"SC"},"email":["nicolas.termeer@nosql-matters.org","termeer@nosql-matters.org"],"region":"803","phone":["803-2786553","803-4448332"]},"likes":["swimming","chess","snowboarding","climbing"],"memberSince":"2007-08-20"},
{"name":{"first":"Fernando","last":"Argall"},"gender":"male","birthday":"1950-06-03","contact":{"address":{"street":"16 14th St","zip":"57714","city":"Allen","state":"SD"},"email":["fernando.argall@nosql-matters.org","argall@nosql-matters.org"],"region":"605","phone":["605-3958296"]},"likes":["biking","reading","climbing"],"memberSince":"2008-01-09"},
{"name":{"first":"Isela","last":"Meli"},"gender":"female","birthday":"1979-06-19","contact":{"address":{"street":"18 Price Ln","zip":"43466","city":"Wayne","state":"OH"},"email":["isela.meli@nosql-matters.org","meli@nosql-matters.org"],"region":"419","phone":[]},"likes":["chess","climbing"],"memberSince":"2008-09-01"},
{"name":{"first":"Celeste","last":"Lepez"},"gender":"female","birthday":"1978-04-25","contact":{"address":{"street":"5 Rawlins Aly","zip":"28106","city":"Matthews","state":"NC"},"email":["celeste.lepez@nosql-matters.org"],"region":"704","phone":["704-5296435","704-7606559"]},"likes":["swimming"],"memberSince":"2011-10-23"},
{"name":{"first":"Cecil","last":"Moock"},"gender":"male","birthday":"1979-10-12","contact":{"address":{"street":"21 Woodlawn Dr","zip":"13756","city":"East Branch","state":"NY"},"email":["cecil.moock@nosql-matters.org","moock@nosql-matters.org"],"region":"607","phone":["607-4027837"]},"likes":["running"],"memberSince":"2008-08-13"},
{"name":{"first":"Leslie","last":"Crockett"},"gender":"male","birthday":"1942-02-14","contact":{"address":{"street":"11 Vernon Way","zip":"45042","city":"Middletown","state":"OH"},"email":["leslie.crockett@nosql-matters.org"],"region":"513","phone":["513-6827977"]},"likes":["shopping"],"memberSince":"2007-08-14"},
{"name":{"first":"Spencer","last":"Whitcher"},"gender":"male","birthday":"1966-10-11","contact":{"address":{"street":"20 Roberts Aly","zip":"26219","city":"Frenchton","state":"WV"},"email":["spencer.whitcher@nosql-matters.org"],"region":"304","phone":["304-5829220","304-8209149"]},"likes":["chatting"],"memberSince":"2009-02-09"},
{"name":{"first":"Donnette","last":"Lapping"},"gender":"female","birthday":"1946-02-14","contact":{"address":{"street":"12 Palmer Rd","zip":"24848","city":"Jenkinjones","state":"WV"},"email":["donnette.lapping@nosql-matters.org"],"region":"304","phone":[]},"likes":["reading","climbing"],"memberSince":"2010-06-20"},
{"name":{"first":"Marica","last":"Baines"},"gender":"female","birthday":"1964-10-31","contact":{"address":{"street":"10 Kalorama Ave","zip":"08005","city":"Barnegat","state":"NJ"},"email":["marica.baines@nosql-matters.org","baines@nosql-matters.org","marica@nosql-matters.org"],"region":"609","phone":["609-2962044"]},"likes":["running","chatting","boxing","checkers"],"memberSince":"2009-10-24"},
{"name":{"first":"Georgie","last":"Reys"},"gender":"female","birthday":"1982-01-05","contact":{"address":{"street":"12 Morningside Ave","zip":"43445","city":"Martin","state":"OH"},"email":["georgie.reys@nosql-matters.org","reys@nosql-matters.org"],"region":"419","phone":["419-3803603"]},"likes":[],"memberSince":"2009-01-28"},
{"name":{"first":"Adriene","last":"Hutchenson"},"gender":"female","birthday":"1983-07-15","contact":{"address":{"street":"6 13th St","zip":"94938","city":"Lagunitas","state":"CA"},"email":["adriene.hutchenson@nosql-matters.org","adriene@nosql-matters.org"],"region":"415","phone":["415-1017600","415-5764265"]},"likes":["shopping"],"memberSince":"2012-03-15"},
{"name":{"first":"Echo","last":"Hankinson"},"gender":"female","birthday":"1978-01-20","contact":{"address":{"street":"20 18th St","zip":"23141","city":"Quinton","state":"VA"},"email":["echo.hankinson@nosql-matters.org"],"region":"804","phone":["804-2373743","804-3141653"]},"likes":["swimming"],"memberSince":"2008-10-21"},
{"name":{"first":"Nerissa","last":"Romaniszyn"},"gender":"female","birthday":"1954-03-15","contact":{"address":{"street":"17 Ontario Hwy","zip":"78716","city":"Austin","state":"TX"},"email":["nerissa.romaniszyn@nosql-matters.org","nerissa@nosql-matters.org"],"region":"512","phone":["512-4165318"]},"likes":["swimming","travelling","skiing"],"memberSince":"2010-07-24"},
{"name":{"first":"Chad","last":"Corry"},"gender":"male","birthday":"1968-12-12","contact":{"address":{"street":"21 Riverview Dr","zip":"18426","city":"Greentown","state":"PA"},"email":["chad.corry@nosql-matters.org","corry@nosql-matters.org"],"region":"570","phone":["570-0179243","570-7567415"]},"likes":[],"memberSince":"2009-12-22"},
{"name":{"first":"Marina","last":"Chevrette"},"gender":"female","birthday":"1958-07-07","contact":{"address":{"street":"6 Wallick Blvd","zip":"46379","city":"Sumava Resorts","state":"IN"},"email":["marina.chevrette@nosql-matters.org"],"region":"219","phone":["219-9562077"]},"likes":["biking"],"memberSince":"2009-08-02"},
{"name":{"first":"Jacquiline","last":"Kind"},"gender":"female","birthday":"1957-04-19","contact":{"address":{"street":"14 Adams mill Loop","zip":"56228","city":"Cosmos","state":"MN"},"email":["jacquiline.kind@nosql-matters.org","kind@nosql-matters.org","jacquiline@nosql-matters.org"],"region":"320","phone":["320-5017558","320-0480252"]},"likes":["ironing"],"memberSince":"2008-08-06"},
{"name":{"first":"Roosevelt","last":"Akridge"},"gender":"male","birthday":"1989-10-28","contact":{"address":{"street":"15 Kansas Blvd","zip":"80804","city":"Arriba","state":"CO"},"email":["roosevelt.akridge@nosql-matters.org","akridge@nosql-matters.org"],"region":"719","phone":[]},"likes":["swimming"],"memberSince":"2007-12-26"},
{"name":{"first":"Vallie","last":"Yablonsky"},"gender":"female","birthday":"1940-10-25","contact":{"address":{"street":"9 Girard Ct","zip":"46508","city":"Burket","state":"IN"},"email":["vallie.yablonsky@nosql-matters.org"],"region":"219","phone":["219-9224135"]},"likes":["boxing"],"memberSince":"2008-04-08"},
{"name":{"first":"Crystle","last":"Mccallum"},"gender":"female","birthday":"1942-04-19","contact":{"address":{"street":"11 Mozart Hwy","zip":"67734","city":"Gem","state":"KS"},"email":["crystle.mccallum@nosql-matters.org"],"region":"785","phone":["785-6255979","785-3684372"]},"likes":["chatting"],"memberSince":"2010-08-13"},
{"name":{"first":"Charisse","last":"Capoccia"},"gender":"female","birthday":"1980-02-23","contact":{"address":{"street":"3 198th St","zip":"21045","city":"Columbia","state":"MD"},"email":["charisse.capoccia@nosql-matters.org"],"region":"410","phone":["410-5993378","410-8966208"]},"likes":["biking","reading","climbing"],"memberSince":"2009-11-05"},
{"name":{"first":"Roxana","last":"Benavente"},"gender":"female","birthday":"1965-01-23","contact":{"address":{"street":"17 234th Ave","zip":"64633","city":"Carrollton","state":"MO"},"email":["roxana.benavente@nosql-matters.org"],"region":"660","phone":["660-9882301"]},"likes":["checkers","climbing"],"memberSince":"2008-08-21"},
{"name":{"first":"Melynda","last":"Downey"},"gender":"female","birthday":"1971-01-05","contact":{"address":{"street":"21 Spring garden Loop","zip":"43266","city":"Columbus","state":"OH"},"email":["melynda.downey@nosql-matters.org","melynda@nosql-matters.org"],"region":"614","phone":["614-9603425","614-6700105"]},"likes":["chess"],"memberSince":"2009-11-27"},
{"name":{"first":"Kiara","last":"Kicks"},"gender":"female","birthday":"1948-02-08","contact":{"address":{"street":"4 10th Ave","zip":"07003","city":"Bloomfield","state":"NJ"},"email":["kiara.kicks@nosql-matters.org"],"region":"973","phone":[]},"likes":["driving","climbing"],"memberSince":"2007-06-09"},
{"name":{"first":"Libby","last":"Humerick"},"gender":"female","birthday":"1988-01-22","contact":{"address":{"street":"8 Vermont Hwy","zip":"54413","city":"Babcock","state":"WI"},"email":["libby.humerick@nosql-matters.org","humerick@nosql-matters.org"],"region":"715","phone":[]},"likes":["swimming"],"memberSince":"2009-10-08"},
{"name":{"first":"Layla","last":"Burkins"},"gender":"female","birthday":"1967-08-01","contact":{"address":{"street":"2 290th Ave","zip":"55071","city":"Saint Paul Park","state":"MN"},"email":["layla.burkins@nosql-matters.org"],"region":"651","phone":["651-3426951","651-8056604"]},"likes":["driving"],"memberSince":"2011-11-03"},
{"name":{"first":"Rosamond","last":"Rapley"},"gender":"female","birthday":"1958-03-04","contact":{"address":{"street":"1 Beekman Aly","zip":"13656","city":"La Fargeville","state":"NY"},"email":["rosamond.rapley@nosql-matters.org","rapley@nosql-matters.org","rosamond@nosql-matters.org"],"region":"315","phone":["315-7831955","315-5479916"]},"likes":["shopping"],"memberSince":"2009-11-01"},
{"name":{"first":"Louie","last":"Meineke"},"gender":"male","birthday":"1957-06-07","contact":{"address":{"street":"20 Champlain Ln","zip":"37721","city":"Corryton","state":"TN"},"email":["louie.meineke@nosql-matters.org","meineke@nosql-matters.org"],"region":"865","phone":[]},"likes":["snowboarding"],"memberSince":"2010-08-14"},
{"name":{"first":"Myles","last":"Bottari"},"gender":"male","birthday":"1994-06-04","contact":{"address":{"street":"14 Atchison Dr","zip":"43716","city":"Beallsville","state":"OH"},"email":["myles.bottari@nosql-matters.org","bottari@nosql-matters.org"],"region":"740","phone":["740-6860792"]},"likes":["driving"],"memberSince":"2009-01-28"},
{"name":{"first":"Nerissa","last":"Hirayama"},"gender":"female","birthday":"1991-11-05","contact":{"address":{"street":"21 New hampshire Dr","zip":"31564","city":"Waresboro","state":"GA"},"email":["nerissa.hirayama@nosql-matters.org","nerissa@nosql-matters.org"],"region":"912","phone":["912-4022412","912-4018836"]},"likes":["snowboarding"],"memberSince":"2009-07-10"}]